{"metadata":{"usedHelpers":[],"marked":[],"modules":{"imports":[{"source":"./accounts_client.js","imported":["AccountsClient"],"specifiers":[{"kind":"named","imported":"AccountsClient","local":"AccountsClient"}]},{"source":"./url_client.js","imported":["AccountsTest"],"specifiers":[{"kind":"named","imported":"AccountsTest","local":"AccountsTest"}]},{"source":"./localstorage_token.js","imported":[],"specifiers":[]}],"exports":{"exported":["AccountsClient","AccountsTest"],"specifiers":[{"kind":"local","local":"AccountsClient","exported":"AccountsClient"},{"kind":"local","local":"AccountsTest","exported":"AccountsTest"}]}}},"options":{"filename":"/packages/accounts-base/client_main.js","filenameRelative":"/packages/accounts-base/client_main.js","env":{"development":{"plugins":[]}},"retainLines":false,"highlightCode":true,"suppressDeprecationMessages":false,"presets":[],"plugins":[[[],{"polyfill":false}],[[],null],[[],null],[[],null],[[],null],[[],null],[[],null],[[],null],[[],null],[[],null],[[],null],[[],null],[[],null],[[],null],[[],null],[[],null],[[],{"loose":true}],[[],{"loose":true}],[[],null],[[],{"loose":true}],[[],null],[[],null],[[],null],[[],null],[[],null],[[],null],[[],null],[[],{"loose":true}],[[],null],[[],null],[[],null],[[],null],[[],null],[[],null],[[],null],[[],null]],"ignore":[],"code":true,"metadata":true,"ast":false,"comments":true,"compact":false,"minified":false,"sourceMap":true,"sourceMaps":true,"sourceMapTarget":"/packages/accounts-base/client_main.js.map","sourceFileName":"/packages/accounts-base/client_main.js","babelrc":false,"sourceType":"module","moduleIds":false,"passPerPreset":false,"parserOpts":false,"generatorOpts":false,"basename":"client_main"},"ignored":false,"code":"module.export({AccountsClient:function(){return AccountsClient},AccountsTest:function(){return AccountsTest}});var AccountsClient;module.import(\"./accounts_client.js\",{\"AccountsClient\":function(v){AccountsClient=v}});var AccountsTest;module.import(\"./url_client.js\",{\"AccountsTest\":function(v){AccountsTest=v}});module.import(\"./localstorage_token.js\");\n\n\n\n/**\n * @namespace Accounts\n * @summary The namespace for all client-side accounts-related methods.\n */\nAccounts = new AccountsClient();\n\n/**\n * @summary A [Mongo.Collection](#collections) containing user documents.\n * @locus Anywhere\n * @type {Mongo.Collection}\n * @importFromPackage meteor\n */\nMeteor.users = Accounts.users;\n\n\n\n\n\n\n","ast":null,"map":{"version":3,"sources":["/packages/accounts-base/client_main.js"],"names":["AccountsClient","AccountsTest","Accounts","Meteor","users"],"mappings":"AAAA,SAAQA,cAAR,QAA6B,sBAA7B;AACA,SAAQC,YAAR,QAA2B,iBAA3B;AACA,OAAO,yBAAP;;AAEA;;;;AAIAC,WAAW,IAAIF,cAAJ,EAAX;;AAEA;;;;;;AAMAG,OAAOC,KAAP,GAAeF,SAASE,KAAxB;;AAEA;AACE;AACA;AACA;AACA;AACAJ,cALF,EAMEC,YANF","file":"/packages/accounts-base/client_main.js.map","sourcesContent":["import {AccountsClient} from \"./accounts_client.js\";\nimport {AccountsTest} from \"./url_client.js\";\nimport \"./localstorage_token.js\";\n\n/**\n * @namespace Accounts\n * @summary The namespace for all client-side accounts-related methods.\n */\nAccounts = new AccountsClient();\n\n/**\n * @summary A [Mongo.Collection](#collections) containing user documents.\n * @locus Anywhere\n * @type {Mongo.Collection}\n * @importFromPackage meteor\n */\nMeteor.users = Accounts.users;\n\nexport {\n  // Since this file is the main module for the client version of the\n  // accounts-base package, properties of non-entry-point modules need to\n  // be re-exported in order to be accessible to modules that import the\n  // accounts-base package.\n  AccountsClient,\n  AccountsTest,\n};\n"]},"hash":"4b0745a9f09fa689a1c2786b75639e31d17cc908"}
