{"lastInput":{"dependencies":["mizzao:sharejs-codemirror","twbs:bootstrap","accounts-password","babrahams:editable-text","iron:router","aldeed:autoform","aldeed:collection2","meteor-base","mobile-experience","mongo","blaze-html-templates","session","jquery","tracker","logging","reload","random","ejson","spacebars","check","standard-minifier-css","standard-minifier-js","stylus","shell-server","ian:accounts-ui-bootstrap-3"],"constraints":["mizzao:sharejs-codemirror","twbs:bootstrap","accounts-password@1.3.3","babrahams:editable-text","iron:router","aldeed:autoform","aldeed:collection2","meteor-base@1.0.4","mobile-experience@1.0.4","mongo@1.1.14","blaze-html-templates","session@1.1.7","jquery@1.11.10","tracker@1.1.1","logging@1.1.16","reload@1.1.11","random@1.0.10","ejson@1.0.13","spacebars","check@1.2.4","standard-minifier-css@1.3.2","standard-minifier-js@1.2.1","stylus@2.513.8","shell-server","ian:accounts-ui-bootstrap-3"],"previousSolution":{"accounts-base":"1.2.14","accounts-password":"1.3.3","aldeed:autoform":"5.8.1","aldeed:collection2":"2.10.0","aldeed:collection2-core":"1.2.0","aldeed:schema-deny":"1.1.0","aldeed:schema-index":"1.1.1","aldeed:simple-schema":"1.5.3","allow-deny":"1.0.5","anti:i18n":"0.4.3","autoupdate":"1.2.11","babel-compiler":"6.13.0","babel-runtime":"1.0.1","babrahams:editable-text":"0.8.30","base64":"1.0.10","binary-heap":"1.0.10","blaze":"2.1.9","blaze-html-templates":"1.0.5","blaze-tools":"1.0.10","boilerplate-generator":"1.0.11","caching-compiler":"1.1.9","caching-html-compiler":"1.0.7","callback-hook":"1.0.10","check":"1.2.4","coffeescript":"1.0.17","dburles:mongo-collection-instances":"0.3.5","ddp":"1.2.5","ddp-client":"1.2.9","ddp-common":"1.2.8","ddp-rate-limiter":"1.0.6","ddp-server":"1.2.10","deps":"1.0.12","diff-sequence":"1.0.7","djedi:sanitize-html":"1.11.3","ecmascript":"0.6.1","ecmascript-runtime":"0.3.15","ejson":"1.0.13","email":"1.1.18","fastclick":"1.0.13","geojson-utils":"1.0.10","gwendall:body-events":"0.1.6","handlebars":"1.0.7","hot-code-push":"1.0.4","html-tools":"1.0.11","htmljs":"1.0.11","http":"1.1.8","ian:accounts-ui-bootstrap-3":"1.2.89","id-map":"1.0.9","iron:controller":"1.0.12","iron:core":"1.0.11","iron:dynamic-template":"1.0.12","iron:layout":"1.0.12","iron:location":"1.0.11","iron:middleware-stack":"1.1.0","iron:router":"1.0.13","iron:url":"1.0.11","jquery":"1.11.10","lai:collection-extensions":"0.2.1_1","launch-screen":"1.0.12","livedata":"1.0.18","localstorage":"1.0.12","logging":"1.1.16","mdg:validation-error":"0.5.1","meteor":"1.6.0","meteor-base":"1.0.4","minifier-css":"1.2.15","minifier-js":"1.2.15","minimongo":"1.0.19","mizzao:sharejs":"0.8.0","mizzao:sharejs-codemirror":"4.12.1","mobile-experience":"1.0.4","mobile-status-bar":"1.0.13","modules":"0.7.7","modules-runtime":"0.7.7","momentjs:moment":"2.13.1","mongo":"1.1.14","mongo-id":"1.0.6","mongo-livedata":"1.0.12","npm-bcrypt":"0.9.2","npm-mongo":"2.2.11_2","observe-sequence":"1.0.14","ordered-dict":"1.0.9","promise":"0.8.8","raix:eventemitter":"0.1.3","random":"1.0.10","rate-limit":"1.0.6","reactive-dict":"1.1.8","reactive-var":"1.0.11","reload":"1.1.11","retry":"1.0.9","routepolicy":"1.0.12","service-configuration":"1.0.11","session":"1.1.7","sha":"1.0.9","shell-server":"0.2.1","spacebars":"1.0.13","spacebars-compiler":"1.0.13","srp":"1.0.10","standard-minifier-css":"1.3.2","standard-minifier-js":"1.2.1","stylus":"2.513.8","templating":"1.2.15","templating-compiler":"1.2.15","templating-runtime":"1.2.15","templating-tools":"1.0.5","tracker":"1.1.1","twbs:bootstrap":"3.3.6","ui":"1.0.12","underscore":"1.0.10","url":"1.0.11","webapp":"1.3.12","webapp-hashing":"1.0.9"}},"lastOutput":{"neededToUseUnanticipatedPrereleases":false,"answer":{"accounts-base":"1.2.14","accounts-password":"1.3.3","aldeed:autoform":"5.8.1","aldeed:collection2":"2.10.0","aldeed:collection2-core":"1.2.0","aldeed:schema-deny":"1.1.0","aldeed:schema-index":"1.1.1","aldeed:simple-schema":"1.5.3","allow-deny":"1.0.5","anti:i18n":"0.4.3","autoupdate":"1.2.11","babel-compiler":"6.13.0","babel-runtime":"1.0.1","babrahams:editable-text":"0.8.30","base64":"1.0.10","binary-heap":"1.0.10","blaze":"2.1.9","blaze-html-templates":"1.0.5","blaze-tools":"1.0.10","boilerplate-generator":"1.0.11","caching-compiler":"1.1.9","caching-html-compiler":"1.0.7","callback-hook":"1.0.10","check":"1.2.4","coffeescript":"1.0.17","dburles:mongo-collection-instances":"0.3.5","ddp":"1.2.5","ddp-client":"1.2.9","ddp-common":"1.2.8","ddp-rate-limiter":"1.0.6","ddp-server":"1.2.10","deps":"1.0.12","diff-sequence":"1.0.7","djedi:sanitize-html":"1.11.3","ecmascript":"0.6.1","ecmascript-runtime":"0.3.15","ejson":"1.0.13","email":"1.1.18","fastclick":"1.0.13","geojson-utils":"1.0.10","gwendall:body-events":"0.1.6","handlebars":"1.0.7","hot-code-push":"1.0.4","html-tools":"1.0.11","htmljs":"1.0.11","http":"1.1.8","ian:accounts-ui-bootstrap-3":"1.2.89","id-map":"1.0.9","iron:controller":"1.0.12","iron:core":"1.0.11","iron:dynamic-template":"1.0.12","iron:layout":"1.0.12","iron:location":"1.0.11","iron:middleware-stack":"1.1.0","iron:router":"1.0.13","iron:url":"1.0.11","isobuild:compiler-plugin":"1.0.0","isobuild:isopack-2":"1.0.0","isobuild:minifier-plugin":"1.0.0","jquery":"1.11.10","lai:collection-extensions":"0.2.1_1","launch-screen":"1.0.12","livedata":"1.0.18","localstorage":"1.0.12","logging":"1.1.16","mdg:validation-error":"0.5.1","meteor":"1.6.0","meteor-base":"1.0.4","minifier-css":"1.2.15","minifier-js":"1.2.15","minimongo":"1.0.19","mizzao:sharejs":"0.8.0","mizzao:sharejs-codemirror":"4.12.1","mobile-experience":"1.0.4","mobile-status-bar":"1.0.13","modules":"0.7.7","modules-runtime":"0.7.7","momentjs:moment":"2.13.1","mongo":"1.1.14","mongo-id":"1.0.6","mongo-livedata":"1.0.12","npm-bcrypt":"0.9.2","npm-mongo":"2.2.11_2","observe-sequence":"1.0.14","ordered-dict":"1.0.9","promise":"0.8.8","raix:eventemitter":"0.1.3","random":"1.0.10","rate-limit":"1.0.6","reactive-dict":"1.1.8","reactive-var":"1.0.11","reload":"1.1.11","retry":"1.0.9","routepolicy":"1.0.12","service-configuration":"1.0.11","session":"1.1.7","sha":"1.0.9","shell-server":"0.2.1","spacebars":"1.0.13","spacebars-compiler":"1.0.13","srp":"1.0.10","standard-minifier-css":"1.3.2","standard-minifier-js":"1.2.1","stylus":"2.513.8","templating":"1.2.15","templating-compiler":"1.2.15","templating-runtime":"1.2.15","templating-tools":"1.0.5","tracker":"1.1.1","twbs:bootstrap":"3.3.6","ui":"1.0.12","underscore":"1.0.10","url":"1.0.11","webapp":"1.3.12","webapp-hashing":"1.0.9"}}}
